
--
-- Current Database: `acnh`
--

CREATE DATABASE /*!32312 IF NOT EXISTS*/ `acnh` /*!40100 DEFAULT CHARACTER SET latin1 */;

USE `acnh`;

--
-- Table structure for table `apiart`
--

DROP TABLE IF EXISTS `apiart`;
/*!40101 SET @saved_cs_client     = @@character_set_client */;
/*!40101 SET character_set_client = utf8 */;
CREATE TABLE `apiart` (
                          `id` varchar(255) NOT NULL,
                          `difference_descriptor` varchar(800) DEFAULT NULL,
                          `fake_image` varchar(255) DEFAULT NULL,
                          `has_fake` bit(1) DEFAULT NULL,
                          `name` varchar(255) DEFAULT NULL,
                          `real_image` varchar(255) DEFAULT NULL,
                          `type` int(11) NOT NULL,
                          `real_name` varchar(255) DEFAULT NULL,
                          PRIMARY KEY (`id`)
) ENGINE=InnoDB DEFAULT CHARSET=utf8mb4;
/*!40101 SET character_set_client = @saved_cs_client */;

--
-- Dumping data for table `apiart`
--

LOCK TABLES `apiart` WRITE;
/*!40000 ALTER TABLE `apiart` DISABLE KEYS */;
INSERT INTO `apiart` VALUES ('0bf9965b-a831-4bd6-b688-6b01df3ec448','Les fleurs au fond sont roses sur le faux, au lieu de blanc','/static/arts/ftRySL9z3gdD6H41SYL80OwiS481DihA-fake.png',_binary '','Toile tragique','/static/arts/ftRySL9z3gdD6H41SYL80OwiS481DihA-real.png',0,'Ophélie - John Everett Millais'),('12538ef8-994f-4369-9818-765813ddea78',NULL,'/static/arts/U8J1n4k8E4YioV9ld67KkgC1YwTghgo0-fake.png',_binary '\0','Toile puissante','/static/arts/U8J1n4k8E4YioV9ld67KkgC1YwTghgo0-real.png',0,'Semeur - Jean-François Millet'),('18694f05-27b5-4e5d-be73-4655c885d0e5','Il n\'y a pas d\'arbres dans le coin du faux.','/static/arts/bYMRuC1OnetVJHCpTNkWSV2T8QuV2pd2-fake.png',_binary '','Toile émouvante','/static/arts/bYMRuC1OnetVJHCpTNkWSV2T8QuV2pd2-real.png',0,'La naissance de Vénus - Sandro Botticelli'),('1ec1bd21-107d-4fc4-8b16-4ecc2483d6ef','Le faux tableau a des fleurs roses.','/static/arts/FdjKZ1Ga0ugTDN6hkjjhioqNq2Bv9PFI-fake.png',_binary '','Toile détaillée','/static/arts/FdjKZ1Ga0ugTDN6hkjjhioqNq2Bv9PFI-real.png',0,'Coq et poule aux hortensias - Ito Jakuchu'),('1ec3f6f1-1e73-4bec-ac92-d1851e407d98',NULL,'/static/arts/rLXkitvxUp914dycQ6VV4UXQ6by0l8Y0-fake.png',_binary '\0','Statue imposante','/static/arts/rLXkitvxUp914dycQ6VV4UXQ6by0l8Y0-real.png',1,'Statue de Kamehameha 1er'),('27d8ff0b-e240-4a61-8601-7ac284d46dc0',NULL,'/static/arts/qXpSAR79i1pogtitDWdiLSejEF3m60uZ-fake.png',_binary '\0','Toile déferlante','/static/arts/qXpSAR79i1pogtitDWdiLSejEF3m60uZ-real.png',0,'La grande vague de Kanagawa - Hokusai'),('2dbffb69-02cb-411a-830f-766195c66e41',NULL,'/static/arts/m7NJtJFTeqBAq7ZaNLArY47a4vG1Q7h9-fake.png',_binary '\0','Toile crépusculaire','/static/arts/m7NJtJFTeqBAq7ZaNLArY47a4vG1Q7h9-real.png',0,'Le dernier voyage du téméraire - Joseph Mallord William Turner'),('476c3cd0-cbf6-49a8-a5e9-db69cb3351fb',NULL,'/static/arts/u2EcqAwULQ2ArMlWwrUwxolsPUYQ9Pt4-fake.png',_binary '\0','Toile précieuse','/static/arts/u2EcqAwULQ2ArMlWwrUwxolsPUYQ9Pt4-real.png',0,'La liberté guidant le peuple - Eugène Delacroix'),('4bd40c8a-dd8a-4c1d-b2a8-403782720c72','Le faux tient une houe.','/static/arts/yH24McBumIo23fG0W1gsCCrQJ6WWS6QG-fake.png',_binary '','Statue guerrière','/static/arts/yH24McBumIo23fG0W1gsCCrQJ6WWS6QG-real.png',1,'Armée de terre cuite'),('4cf77cd5-9a3b-4465-929c-88432e28a724','Le faux a le pied gauche devant','/static/arts/8t1HvKT2Y40exSiRXdblAN8wL6Xue0en-fake.png',_binary '','Statue héroïque','/static/arts/8t1HvKT2Y40exSiRXdblAN8wL6Xue0en-real.png',1,'Victoire de Samothrace'),('4dbbcad1-4f3e-4818-8b37-eff31c37aea5','L\'homme dans le fond ne pose pas sa main sur le mur dans le faux','/static/arts/3JzkBtXIoEJVT9N1yXUBkqlqY8d3247l-fake.png',_binary '','Toile solennelle','/static/arts/3JzkBtXIoEJVT9N1yXUBkqlqY8d3247l-real.png',0,'Les Ménines - Diego Vélasquez'),('52d0da59-1d14-459c-a133-4db7959066d1',NULL,'/static/arts/yxuPIFzRMPsyaZJlYe8NNSuo4uzmzCuh-fake.png',_binary '\0','Toile florale','/static/arts/yxuPIFzRMPsyaZJlYe8NNSuo4uzmzCuh-real.png',0,'Les Tournesols - Vincent van Gogh'),('54d6905b-8860-4785-8880-34aed8901534','Sur la fausse toile, le personnage principal n\'a pas de chapeau.','/static/arts/JChIG5HoK1uhKpqhUryFJm3Pqse5TIR0-fake.png',_binary '','Toile incroyable','/static/arts/JChIG5HoK1uhKpqhUryFJm3Pqse5TIR0-real.png',0,'La Garde de nuit - Rembrandt van Rijn'),('5b79f0c5-c68d-4c83-9ee0-d116549392d0','Le faux a un couvercle','/static/arts/gxwVulduzr9iymCXnzN3P4MRVothG0lJ-fake.png',_binary '','Sculpture singulière','/static/arts/gxwVulduzr9iymCXnzN3P4MRVothG0lJ-real.png',1,'Houmuwu ding'),('60626349-1789-4e04-a1d0-6bcb3b3f5355',NULL,'/static/arts/wdAgH7YS9uqI9Xc69G5oco9C1OLzSnaD-fake.png',_binary '\0','Toile Mystérieuse','/static/arts/wdAgH7YS9uqI9Xc69G5oco9C1OLzSnaD-real.png',0,'L\'Île des morts - Arnold Böcklin'),('6dfed7bc-f160-460b-b008-80c9ae5eff73','Sur la fausse toiles, les sourcils vont vers le haut.','/static/arts/6gIJ2eNugPjB3AXsgwxCMyq3CRtuqtHA-fake.png',_binary '','Toile effrayante','/static/arts/6gIJ2eNugPjB3AXsgwxCMyq3CRtuqtHA-real.png',0,'Otani Onji II - Toshusai Sharaku'),('7802c6ba-b7e0-42ac-af59-83d321e1570f','La fause statue tire la langue.','/static/arts/0BDC04fBrKUi4rhaJndA0hhAjn0mewrd-fake.png',_binary '','Statue maternelle','/static/arts/0BDC04fBrKUi4rhaJndA0hhAjn0mewrd-real.png',1,'Romulus et Remus'),('78aa3d22-8349-48c3-8077-7ea90647ba41','Le faux a une boucle d\'oreille.','/static/arts/vi4jE5IunRhgq80WhL5TnswpUR3Tpr5d-fake.png',_binary '','Statue mystérieuse','/static/arts/vi4jE5IunRhgq80WhL5TnswpUR3Tpr5d-real.png',1,'Buste de Néfertiti - Thoutmôsis'),('7cbf298e-a557-4442-86c4-e32e27d81a2d',NULL,'/static/arts/tBxXJdZirKfRbOQc6nJqwDNI5rIhYetb-fake.png',_binary '\0','Toile magnifique','/static/arts/tBxXJdZirKfRbOQc6nJqwDNI5rIhYetb-real.png',0,'Le fifre - Edouard Manet'),('7f92c7df-6911-4eec-8c3f-cd0922818c01',NULL,'/static/arts/WUX53zrhDpiA9m7KogmymDBhVLXPvOm4-fake.png',_binary '\0','Statue familière','/static/arts/WUX53zrhDpiA9m7KogmymDBhVLXPvOm4-real.png',1,'Le Penseur - Auguste Rodin'),('82ee9073-d258-410a-9bbc-be6147f8ec13','Il manque des chasseurs et des chiens sur le faux','/static/arts/YN6rrOakgyhCAofhPq7CoO1tzm6hplci-fake.png',_binary '','Toile Hivernale','/static/arts/YN6rrOakgyhCAofhPq7CoO1tzm6hplci-real.png',0,'Chasseurs dans la neige - Pieter Brueghel l\'Ancien'),('8501368b-66e5-492f-bdea-3af292580992','La fausse n\'est pas la fleur au niveau du plastron','/static/arts/wKp6CXiMVtVy2FMFUoSHIguvBbrvj2Fj-fake.png',_binary '','Toile potagère','/static/arts/wKp6CXiMVtVy2FMFUoSHIguvBbrvj2Fj-real.png',0,'L\'Eté - Giuseppe Arcimboldo'),('985e3388-ab1c-4e9d-a027-c702c3ff4dd6','La fausse est bleue.','/static/arts/Bsbs8YWf8N6nBNhTUDaReODY3vmWOmNh-fake.png',_binary '','Tablette édifiante','/static/arts/Bsbs8YWf8N6nBNhTUDaReODY3vmWOmNh-real.png',1,'Pierre de Rosette'),('9d95be3f-0951-4790-ac3f-ea95bd8deee3','Les faux ont la tête dans la mauvais sens, ou n\'ont pas la barrette blanche dans les cheveux.','/static/arts/sCpF3UFAQ3j4cRzpPkf9TfUV2jsUKGfh-fake.png',_binary '','Toile gracieuse','/static/arts/sCpF3UFAQ3j4cRzpPkf9TfUV2jsUKGfh-real.png',0,'Peinture sur soie d\'une bijin - Moronobu'),('a8d92dfa-7449-409e-a914-adb0fdee7980',NULL,'/static/arts/bkTcKmmwG1dncZxvMF3vlpuQzcerbeIX-fake.png',_binary '\0','Toile parfaite','/static/arts/bkTcKmmwG1dncZxvMF3vlpuQzcerbeIX-real.png',0,'Nature morte aux pommes et aux oranges - Paul Cézanne'),('af6a8e6c-b323-439f-bddb-9c2850aae52d','Sur la fausse toile, le personnage a une frange','/static/arts/blPcUNsxcQRYmj8C5m171VQRGN3ZNV8n-fake.png',_binary '','Toile classique','/static/arts/blPcUNsxcQRYmj8C5m171VQRGN3ZNV8n-real.png',0,'L\'enfant bleu - Thomas Gainsborough'),('b12a132d-b3bf-4728-a2af-24bcaff17aa2','La créature est plus sombre et le bec est différent sur le faux','/static/arts/7hKUbKkvXTRcoKLlQ8EoCpehos8Juev1-fake.png',_binary '','Toile royale','/static/arts/7hKUbKkvXTRcoKLlQ8EoCpehos8Juev1-real.png',0,'La dame à l\'hermine - Léonard de Vinci'),('b60d782b-8cb0-440c-ab6c-1f86b024e7e8','Sur les fausses toiles, la jeune fille à des boucles d\'oreilles, ou les yeux fermés.','/static/arts/HBnrvKuKLFa4eMbRFD8PZIfm8QPrtck8-fake.png',_binary '','Toile nacrée','/static/arts/HBnrvKuKLFa4eMbRFD8PZIfm8QPrtck8-real.png',0,'La Jeune Fille à la perle - Johannes Vermeer'),('b6e24eb1-8f08-4dc7-820c-26c04df74702','La fausse statue a un livre','/static/arts/2pPXBuXN2lHzgq8C5zEf2Bgt2y1CToIs-fake.png',_binary '','Statue majestueuse','/static/arts/2pPXBuXN2lHzgq8C5zEf2Bgt2y1CToIs-real.png',1,'David - Michel-Ange'),('c5a5e4ed-e013-4bc4-8f1f-8ed075349b11',NULL,'/static/arts/kCLK5q1toP2uP35Jwg9Yatmzw5eAF8oM-fake.png',_binary '\0','Toile radieuse','/static/arts/kCLK5q1toP2uP35Jwg9Yatmzw5eAF8oM-real.png',0,'La Maja Vestida - Francisco de Goya'),('c8474516-4dd5-4c7a-9c6f-43ce75095d80','Le flux du lait est très important sur le faux.','/static/arts/7KBbS0jiPx9KkQODXKiui4pQqc12rVhR-fake.png',_binary '','Toile charmante','/static/arts/7KBbS0jiPx9KkQODXKiui4pQqc12rVhR-real.png',0,'La Laitière - Johannes Vermeer'),('ce82d0a2-8da0-4cb3-ad46-76f9e29e61a8','Le dieu est vert sur le faux.','/static/arts/83VVPTW3TC6pO90KafOgYN90YCGISZzQ-fake.png',_binary '','Toile sauvage - Partie gauche','/static/arts/83VVPTW3TC6pO90KafOgYN90YCGISZzQ-real.png',0,'Dieu du tonnerre - Tawaraya Sotatsu'),('d44f88fb-20ae-47db-8223-3f07b7643bff','Le faux sourit.','/static/arts/MF7z7ESlXKPrj7EQYdMqjibYdRwehLeq-fake.png',_binary '','Sculpture déterminée','/static/arts/MF7z7ESlXKPrj7EQYdMqjibYdRwehLeq-real.png',1,'Tête colossale'),('d7e7b993-337d-4d35-8b58-080f4d4a1f05','Sur la fausse toile, la Joconde a trop de sourcils.','/static/arts/jogfwerNVgHrGwkCgHjN8A8onHCKu6Zm-fake.png',_binary '','Toile célèbre','/static/arts/jogfwerNVgHrGwkCgHjN8A8onHCKu6Zm-real.png',0,'La Joconde - Léonard de Vinci'),('d8982fed-0e3f-49b2-b5ce-d4960d108857','Sur la fausse toile, le dessin est tâchée par une trace de café, en haut à droite.','/static/arts/JuG3EAmYYwbriezbKjFutuKrr0MlrDbv-fake.png',_binary '','Toile académique','/static/arts/JuG3EAmYYwbriezbKjFutuKrr0MlrDbv-real.png',0,'Homme de Vitruve - Léonard de Vinci'),('da24f5fb-b588-4bc1-9e95-a1468db9aa94','Le dieu est blanc sur le faux.','/static/arts/6EMzWuvIgsstKy1wDwVS4pHUJS590urx-fake.png',_binary '','Toile sauvage - Partie droite','/static/arts/6EMzWuvIgsstKy1wDwVS4pHUJS590urx-real.png',0,'Dieu du vent - Tawaraya Sotatsu'),('dc645474-7c40-4b27-83cd-2ba58da227bb','Sur les fausses statues, on peut apercevoir des antennes, ou des yeux bleus.','/static/arts/G8rSHrYxK5gIv9yOdgj5hywEE06Toe9g-fake.png',_binary '','Statuette antique','/static/arts/G8rSHrYxK5gIv9yOdgj5hywEE06Toe9g-real.png',1,'Dogū'),('e02da089-82b1-42cf-bd08-2cae7423df67','Une montre est présente sur le bras droit de la fausse sculpture','/static/arts/wv70hynn6eiOw4MXd4PqB0KiIRUVLKlL-fake.png',_binary '','Statue athlétique','/static/arts/wv70hynn6eiOw4MXd4PqB0KiIRUVLKlL-real.png',1,'Discobole - Myron'),('e62a68e4-2530-4bd9-bc0c-ad3fab4b8f8a','Sur la fausse statue, la Vénus de Millo a un collier.','/static/arts/VnYATlVkYgdIFQvUd3EvxiClKvTljPh1-fake.png',_binary '','Statue féminine','/static/arts/VnYATlVkYgdIFQvUd3EvxiClKvTljPh1-real.png',1,'Vénus de Milo - Alexandros d\'Antioche'),('e8482f83-20ca-448e-8360-d8c610751931',NULL,'/static/arts/jG8DCj0MkHXBx2Kmue4vqze8PRRMLMVZ-fake.png',_binary '\0','Toile apaisante','/static/arts/jG8DCj0MkHXBx2Kmue4vqze8PRRMLMVZ-real.png',0,'Un dimanche après-midi à l\'Île de la Grande Jatte - Georges Seurat'),('efef3c0a-e967-4c29-bb1e-fce381db722b',NULL,'/static/arts/PBmpo9vH8bqO0YrU1BUzGbJv9JRFK4N2-fake.png',_binary '\0','Toile scintillante','/static/arts/PBmpo9vH8bqO0YrU1BUzGbJv9JRFK4N2-real.png',0,'La nuit étoilée - Vincent Van Gogh'),('f80a7cea-c991-4fa0-9892-ecc77def7495',NULL,'/static/arts/BpTY660FccPKfzlyJavfOrH3w0NIJEzr-fake.png',_binary '\0','Toile austère','/static/arts/BpTY660FccPKfzlyJavfOrH3w0NIJEzr-real.png',0,'Un bar aux Folies Bergère - Edouard Manet'),('fded6d96-e542-46cc-b4e7-ad4cb341ff77',NULL,'/static/arts/pNcKdmXC5Mlo73cUgaaZFsjJFd8lIJkD-fake.png',_binary '\0','Toile commune','/static/arts/pNcKdmXC5Mlo73cUgaaZFsjJFd8lIJkD-real.png',0,'Des glaneuses - Jean-François Millet');
/*!40000 ALTER TABLE `apiart` ENABLE KEYS */;
UNLOCK TABLES;

--
-- Table structure for table `apiflower`
--

DROP TABLE IF EXISTS `apiflower`;
/*!40101 SET @saved_cs_client     = @@character_set_client */;
/*!40101 SET character_set_client = utf8 */;
CREATE TABLE `apiflower` (
                             `id` varchar(255) NOT NULL,
                             `image` varchar(255) DEFAULT NULL,
                             `name` varchar(255) DEFAULT NULL,
                             PRIMARY KEY (`id`)
) ENGINE=InnoDB DEFAULT CHARSET=utf8mb4;
/*!40101 SET character_set_client = @saved_cs_client */;

--
-- Dumping data for table `apiflower`
--

LOCK TABLES `apiflower` WRITE;
/*!40000 ALTER TABLE `apiflower` DISABLE KEYS */;
INSERT INTO `apiflower` VALUES ('05a96eeb-210c-4a98-82f2-bd7a9998d061','/static/flowers/PV62TMSIjJhjjO7LOCu9u7wanU7Ue7uz.png','Tulipe orange'),('07a19141-f600-41ae-8b61-7e3c6bbdaebd','/static/flowers/59eEfk18gkTRE76xzyeKIJfievWQsCzi.png','Lys blanc'),('0826a35c-5ba9-4576-84d7-649795fa2d5b','/static/flowers/wq26WLnsmgpLe3kQ2x0QSV5Ha1uL4We2.png','Rose violette'),('0b4a9c42-8a3c-45aa-9dfc-936fed04d0f6','/static/flowers/76imMuR64odxudjvYzyTvM5c7WfXpPmh.png','Jacinthe violette'),('11b08040-3ccf-4852-aef9-8ccbeecaaf83','/static/flowers/GgO9EQig7cRElOgL4iQchFlRcPta7ezm.png','Cosmos rose'),('134fd2ea-4218-4f8c-b41f-8f749a0d5752','/static/flowers/X2hTCCHkRvwpCL4TnKehPQiJiEWNz0um.png','Lys orange'),('13c39c72-1063-47d0-9183-cb2512fdf703','/static/flowers/Dc6jn3BQ1Glvy0pPvgNjKnVVMvAAigVr.png','Jacinthe orange'),('14bd3d88-77e7-433d-8b16-9a494a0ad77d','/static/flowers/1saX5DEM14ms1mlXi7TOJ2UX7rhJqeGK.png','Anémone bleue'),('14cdbaa9-52cd-47d6-8570-b05a3b1b6335','/static/flowers/Ria931w7FkKS1lSlJYeSe4YKUC0z78OE.png','Tulipe rose'),('1571b56a-e560-4cfc-a964-f5667868fa97','/static/flowers/KbjHzW2BIwiqGFiHXhLstb3InF2RRIVy.png','Lys noir'),('2911a0f2-ab97-48f0-b098-57fdc87b582b','/static/flowers/84ARaUPH5VLxQWBFZ1mYMIdBfMM0Ws3U.png','Tulipe violette'),('33317891-49c3-45af-8484-8a27300647eb','/static/flowers/NGLPTWdXR0d8RfMHnwPekJUI6nkhE1E2.png','Rose d\'or'),('478a5ed3-0d60-4875-b8f2-b0fb5df12ab2','/static/flowers/JWDj0X5FM2VsOTBeivutijV6DNsyyjMC.png','Chrysanthème violet'),('4bd33fcb-e048-4aa4-8f7a-0ec9db6fdbb2','/static/flowers/mIboqYyF2vJck9hfzhn5kq2dHTbcfNfU.png','Pensée jaune'),('4c7b08ab-3092-4912-8109-b5a347adc806','/static/flowers/n1ClShNrj5gnWbfo3ukNeS0M5RV8lgIS.png','Lys rouge'),('53330660-a11a-4d4b-bc83-5d299c4c9058','/static/flowers/s3PLWadqEn36iazQOhzIfgaUOEpUUqTo.png','Rose jaune'),('57f652d3-bd30-485a-a6de-d45da5c5e090','/static/flowers/LhDlasLYZsQfDMD1bBpVwBnnj5R12rpl.png','Cosmos orange'),('6094aba2-85f6-4db2-826a-29492e2ec60c','/static/flowers/bH1rfPBmutH7k8xrswEXIzpdoHWmPvIP.png','Rose rose'),('6429bec2-937f-4dba-a5fa-bb9362d182de','/static/flowers/BgdeCbhBJtl4kFD9w4sMmOxRle9JvNVP.png','Chrysanthème blanc'),('66ca92e7-4c9e-4a98-abee-729822f68b7f','/static/flowers/24WHgcXPRIxrtK5qdj2yiZmJx1fkcWXL.png','Jacinthe blanche'),('7257efbd-7c3c-4c38-8450-3648c229c30c','/static/flowers/R8fHFEoFa5iyFovHHnvAQdoTMahqeB2v.png','Pensée orange'),('7be47702-daab-4530-b69c-ef010d35f37d','/static/flowers/xbQGYdRreU9wB5joPt6WTLZQQrbXSotC.png','Pensée violette'),('8eb0d56b-0433-43a5-8cf3-62b6783053b9','/static/flowers/3CTfk8FMV7k0VZTMaNbSms4RNqkAEZP4.png','Cosmos blanc'),('93eecf0b-f73c-4f87-88a6-8b0859bba4b9','/static/flowers/PIs57h4Ip8e6Q7M87wjiYP9v1kouiltK.png','Rose orange'),('96e2ee63-29f6-43bb-8f09-fa6ed360ab3f','/static/flowers/XnOgXf3193vbFyjsZUGqtnuqtJ1uXLnP.png','Chrysanthème vert'),('9b6d63b4-ca76-40b3-9033-81b35be0933c','/static/flowers/pUz8TuYIe6dzG64qXrGG6pNXWGLwYcmO.png','Tulipe noire'),('9b9a9d7b-197a-4f2a-b037-19c077d01f4d','/static/flowers/C8r5aDdZKE5fVftG6y85yqcyceVrwAPY.png','Anémone rose'),('9bed1c2e-fa86-4fe1-b521-fcf749a4be40','/static/flowers/WE5iEDPz69jiXSQlspaiaV8TsH336T6E.png','Tulipe jaune'),('9da59c7a-0335-4d48-9811-da6e9a234403','/static/flowers/PwAKUcB27lXGBnVuuaIE8fWcnHfiuYkM.png','Jacinthe jaune'),('a510a4ef-881f-4997-86a8-ae37885b8e19','/static/flowers/mQUp0lLNz4LNN6vA7SgoS13dxSBPqPqu.png','Cosmos noir'),('a5543b62-9064-4918-8272-9139053b1e28','/static/flowers/eMDYla930ydsCxsJla2UFgUwFtH5q5QM.png','Chrysanthème rouge'),('a5764437-6188-477d-89e2-ca96e4816003','/static/flowers/3ZOIFmsE8mFd0fex9raubhI7ChkGjcmb.png','Jacinthe bleue'),('af48031b-961a-45af-848e-da2228bb5b4d','/static/flowers/65Z1yklZJWbENwDxtc7TMBzxSIk01OHQ.png','Arrosoir d\'or'),('b476a550-d84d-4b37-9522-b08756ca3c5b','/static/flowers/K5b1oTQligvdaMQ19JEA3Vo33Oi2sMO1.png','Lys jaune'),('b8454049-942a-4ca8-926f-0a2644d6e3e2','/static/flowers/HxfICn3ht2rHMt5JTfm38znRGz85IBRm.png','Pensée blanc-violette'),('bab55b1c-713a-48d8-9352-f3969ac5fda6','/static/flowers/1xLW6UB6AStT3BdFTcDEtbDwgGvPJ7L9.png','Pensée rouge'),('bd5a164b-99f6-4b87-8e47-c6445337813e','/static/flowers/fBG97VyJu731HiXI85Iq8TzxSwtrf3kH.png','Anémone orange'),('bf3a20d9-423d-4eaa-b6c5-1259b4ca8e3b','/static/flowers/6KC7JavoeMbgMVhwFivuvx9wv3crJv4m.png','Rose blanche'),('c1c4acac-3541-4901-a3b5-66336ae95463','/static/flowers/cOgCQRMBkWC09rtnRDOyM5UYigJ44XBi.png','Anémone violette'),('c3e46472-d033-4912-acc0-31cd381083b0','/static/flowers/BmAxYsjG10njIuKVZx2gQMhH90K1mjNR.png','Tulipe rouge'),('c459b9f8-ea82-4fa4-a12e-df3778874300','/static/flowers/MQl5bhBaFKucJBGHaqE7IRTOie22pWS4.png','Anémone blanche'),('c59b9a95-8d63-4460-8875-245973c40317','/static/flowers/TSf8b91DZWx4A4iAgQE3mR0GlDxhExq5.png','Jacinthe rouge'),('c700b875-d234-4360-8a18-b04c02db106d','/static/flowers/XAuZk5zefeSV4z0IM9g23waW39JvWj8S.png','Lys rose'),('cbfb7dce-ddba-4d0c-a6ea-d122da27f258','/static/flowers/u12yzWPdHDAm8PbCIQs0S8uhYuOHAaoy.png','Pensée bleue'),('d0fff6ef-bab5-4c8b-a16a-1ae73aacbb9c','/static/flowers/yOSf6sPSfOyvNcJENQvMtPX3q8Qh62wI.png','Chrysanthème rose'),('d441eea0-d0f2-408d-b678-bf32d3433656','/static/flowers/nxUu1lNH344rjBnRmol9umiVgU1j2i3H.png','Anémone rouge'),('d53c5d98-f142-45d1-9a2f-d51bfc3a1032','/static/flowers/4AMhrs8XHFC18TuIoM7x758ut9IVZRuP.png','Rose bleue'),('dd05a730-4c18-4d07-8cc5-61b0d090b05e','/static/flowers/HXKktN0TANuqWtGMwmnOKWOkbWuGzK6A.png','Tulipe blanche'),('ddecd3d7-7cfa-45d6-ba9f-1d55ccd4ea25','/static/flowers/4TNgP28GlfXOJdcpL9g21dLRIIDDdswe.png','Rose noire'),('e24adf4f-d412-4b0f-aa1a-0a62d8dc7a6f','/static/flowers/TnxZuUGiHSX5cV2pd5neExBhaSdvsJZU.png','Cosmos jaune'),('eb9d195a-96ba-4b60-ae97-d354cfc2f7bd','/static/flowers/PNUkbVp8DNwMyhfibNFWIQApZ5sg3WKU.png','Jacinthe rose'),('f840b640-ab34-4404-9737-f30b6f3510e2','/static/flowers/OE8d37hZiFD0nHVZ8j3kAF9hZA2GbE4.png','Muguet'),('fed008c9-50cb-4d0d-8572-a8e27e2845d7','/static/flowers/gCsPwzRP4MYTQrkd7Xw9SIal919AV6wc.png','Cosmos rouge'),('ff1bb885-c847-4886-8427-9367df54d92e','/static/flowers/gwaztBPlAiGdqw4E5zLZSGfH1FzH75ll.png','Rose rouge');
/*!40000 ALTER TABLE `apiflower` ENABLE KEYS */;
UNLOCK TABLES;

--
-- Table structure for table `apiflower_produces`
--

DROP TABLE IF EXISTS `apiflower_produces`;
/*!40101 SET @saved_cs_client     = @@character_set_client */;
/*!40101 SET character_set_client = utf8 */;
CREATE TABLE `apiflower_produces` (
                                      `id` varchar(255) NOT NULL,
                                      `produces_id` varchar(255) NOT NULL,
                                      `sourcea_id` varchar(255) NOT NULL,
                                      `sourceb_id` varchar(255) NOT NULL,
                                      PRIMARY KEY (`id`),
                                      KEY `FK68e7skn8tteww22lpfw93yh53` (`produces_id`),
  KEY `FK4cevaqtfp96ei2dtamdk8bj9l` (`sourcea_id`),
  KEY `FKfct32ka5vdm5whbker0vwj4gk` (`sourceb_id`),
  CONSTRAINT `FK4cevaqtfp96ei2dtamdk8bj9l` FOREIGN KEY (`sourcea_id`) REFERENCES `apiflower` (`id`),
  CONSTRAINT `FK68e7skn8tteww22lpfw93yh53` FOREIGN KEY (`produces_id`) REFERENCES `apiflower` (`id`),
  CONSTRAINT `FKfct32ka5vdm5whbker0vwj4gk` FOREIGN KEY (`sourceb_id`) REFERENCES `apiflower` (`id`)
) ENGINE=InnoDB DEFAULT CHARSET=utf8mb4;
/*!40101 SET character_set_client = @saved_cs_client */;

--
-- Dumping data for table `apiflower_produces`
--

LOCK TABLES `apiflower_produces` WRITE;
/*!40000 ALTER TABLE `apiflower_produces` DISABLE KEYS */;
INSERT INTO `apiflower_produces` VALUES ('046a8046-4bd2-402d-bb11-23affde2a939','33317891-49c3-45af-8484-8a27300647eb','ddecd3d7-7cfa-45d6-ba9f-1d55ccd4ea25','af48031b-961a-45af-848e-da2228bb5b4d'),('08ec91d1-2ce0-4e9b-a5b6-9e69a9bad529','14bd3d88-77e7-433d-8b16-9a494a0ad77d','c459b9f8-ea82-4fa4-a12e-df3778874300','c459b9f8-ea82-4fa4-a12e-df3778874300'),('1054f89a-d888-4abb-a49c-284957dad045','cbfb7dce-ddba-4d0c-a6ea-d122da27f258','b8454049-942a-4ca8-926f-0a2644d6e3e2','b8454049-942a-4ca8-926f-0a2644d6e3e2'),('1682ddda-683e-4b20-a73a-771656e6e6c6','14cdbaa9-52cd-47d6-8570-b05a3b1b6335','c3e46472-d033-4912-acc0-31cd381083b0','dd05a730-4c18-4d07-8cc5-61b0d090b05e'),('1eff3018-bc86-45d8-8142-84a831568bd8','9b6d63b4-ca76-40b3-9033-81b35be0933c','c3e46472-d033-4912-acc0-31cd381083b0','c3e46472-d033-4912-acc0-31cd381083b0'),('245497cc-8b21-4484-9abe-12b8815cb287','eb9d195a-96ba-4b60-ae97-d354cfc2f7bd','66ca92e7-4c9e-4a98-abee-729822f68b7f','c59b9a95-8d63-4460-8875-245973c40317'),('31ecbee0-6929-4005-9d85-ec16d053803a','11b08040-3ccf-4852-aef9-8ccbeecaaf83','fed008c9-50cb-4d0d-8572-a8e27e2845d7','8eb0d56b-0433-43a5-8cf3-62b6783053b9'),('3627784e-64a1-4fd5-8fbe-d7b7491f7568','0b4a9c42-8a3c-45aa-9dfc-936fed04d0f6','a5764437-6188-477d-89e2-ca96e4816003','a5764437-6188-477d-89e2-ca96e4816003'),('38ebe83d-3316-4fc4-a91d-c95697f1f722','c1c4acac-3541-4901-a3b5-66336ae95463','14bd3d88-77e7-433d-8b16-9a494a0ad77d','14bd3d88-77e7-433d-8b16-9a494a0ad77d'),('48ae72ca-dd30-46a1-8775-e356549e71a3','2911a0f2-ab97-48f0-b098-57fdc87b582b','05a96eeb-210c-4a98-82f2-bd7a9998d061','05a96eeb-210c-4a98-82f2-bd7a9998d061'),('52606e16-b398-44fd-a5a7-eb96a534fe43','7be47702-daab-4530-b69c-ef010d35f37d','cbfb7dce-ddba-4d0c-a6ea-d122da27f258','cbfb7dce-ddba-4d0c-a6ea-d122da27f258'),('75d39d12-9291-430a-9b49-f771e7041324','96e2ee63-29f6-43bb-8f09-fa6ed360ab3f','478a5ed3-0d60-4875-b8f2-b0fb5df12ab2','478a5ed3-0d60-4875-b8f2-b0fb5df12ab2'),('7eeb5703-c8a7-4717-9e08-cbc0a9e7f6c2','d0fff6ef-bab5-4c8b-a16a-1ae73aacbb9c','a5543b62-9064-4918-8272-9139053b1e28','6429bec2-937f-4dba-a5fa-bb9362d182de'),('7f212603-d411-4101-af5b-055e934f59d1','14bd3d88-77e7-433d-8b16-9a494a0ad77d','bd5a164b-99f6-4b87-8e47-c6445337813e','c459b9f8-ea82-4fa4-a12e-df3778874300'),('8813e2ac-47b4-4702-af7a-189453118694','134fd2ea-4218-4f8c-b41f-8f749a0d5752','4c7b08ab-3092-4912-8109-b5a347adc806','b476a550-d84d-4b37-9522-b08756ca3c5b'),('8e1fb8ae-7b29-4dfd-8a27-a04a947a2c14','a5764437-6188-477d-89e2-ca96e4816003','66ca92e7-4c9e-4a98-abee-729822f68b7f','66ca92e7-4c9e-4a98-abee-729822f68b7f'),('9bea3e82-681d-4d6c-bd9b-e2b5c5ebc8ce','d53c5d98-f142-45d1-9a2f-d51bfc3a1032','93eecf0b-f73c-4f87-88a6-8b0859bba4b9','93eecf0b-f73c-4f87-88a6-8b0859bba4b9'),('a39059c1-0fcb-4048-9d0a-0074c066ea24','ddecd3d7-7cfa-45d6-ba9f-1d55ccd4ea25','ff1bb885-c847-4886-8427-9367df54d92e','ff1bb885-c847-4886-8427-9367df54d92e'),('b2e47108-566d-47dd-b4b8-f867b4f60a31','13c39c72-1063-47d0-9183-cb2512fdf703','c59b9a95-8d63-4460-8875-245973c40317','9da59c7a-0335-4d48-9811-da6e9a234403'),('bf4e92c6-98fb-44a8-9718-a6e7e6df3f89','7257efbd-7c3c-4c38-8450-3648c229c30c','bab55b1c-713a-48d8-9352-f3969ac5fda6','4bd33fcb-e048-4aa4-8f7a-0ec9db6fdbb2'),('c28b8d08-365f-4aff-8f07-0a32ae020811','9b9a9d7b-197a-4f2a-b037-19c077d01f4d','d441eea0-d0f2-408d-b678-bf32d3433656','bd5a164b-99f6-4b87-8e47-c6445337813e'),('c6b1fe29-37b5-439c-b3a0-3376aa37576b','05a96eeb-210c-4a98-82f2-bd7a9998d061','c3e46472-d033-4912-acc0-31cd381083b0','9bed1c2e-fa86-4fe1-b521-fcf749a4be40'),('c7c55ffc-d2d1-48b3-9b47-91049c631824','57f652d3-bd30-485a-a6de-d45da5c5e090','fed008c9-50cb-4d0d-8572-a8e27e2845d7','e24adf4f-d412-4b0f-aa1a-0a62d8dc7a6f'),('c9347f1d-6856-4340-a0d9-181cb52ecc48','7be47702-daab-4530-b69c-ef010d35f37d','bab55b1c-713a-48d8-9352-f3969ac5fda6','bab55b1c-713a-48d8-9352-f3969ac5fda6'),('dfdeea8f-4880-47fb-8d2a-77b87fb7cb22','478a5ed3-0d60-4875-b8f2-b0fb5df12ab2','6429bec2-937f-4dba-a5fa-bb9362d182de','6429bec2-937f-4dba-a5fa-bb9362d182de'),('e68239f1-d3b9-4430-9b37-ea00470fdfbb','c700b875-d234-4360-8a18-b04c02db106d','4c7b08ab-3092-4912-8109-b5a347adc806','07a19141-f600-41ae-8b61-7e3c6bbdaebd'),('eb922baa-c86a-4ceb-b945-1ab2902fbd0b','a510a4ef-881f-4997-86a8-ae37885b8e19','fed008c9-50cb-4d0d-8572-a8e27e2845d7','fed008c9-50cb-4d0d-8572-a8e27e2845d7'),('ed2b3ac2-9127-46c7-a468-4e751ace59d0','6094aba2-85f6-4db2-826a-29492e2ec60c','ff1bb885-c847-4886-8427-9367df54d92e','bf3a20d9-423d-4eaa-b6c5-1259b4ca8e3b'),('ef650bba-b66b-449a-aa57-af9480d7958f','93eecf0b-f73c-4f87-88a6-8b0859bba4b9','ff1bb885-c847-4886-8427-9367df54d92e','53330660-a11a-4d4b-bc83-5d299c4c9058'),('f079d327-ebdd-47aa-b57a-7cd20c691335','0826a35c-5ba9-4576-84d7-649795fa2d5b','bf3a20d9-423d-4eaa-b6c5-1259b4ca8e3b','bf3a20d9-423d-4eaa-b6c5-1259b4ca8e3b'),('f3ef29c9-ef08-4687-88b2-2f82185a1fa2','1571b56a-e560-4cfc-a964-f5667868fa97','4c7b08ab-3092-4912-8109-b5a347adc806','4c7b08ab-3092-4912-8109-b5a347adc806'),('fb09f633-8887-4e13-b793-4c20bd872774','c1c4acac-3541-4901-a3b5-66336ae95463','14bd3d88-77e7-433d-8b16-9a494a0ad77d','9b9a9d7b-197a-4f2a-b037-19c077d01f4d');
/*!40000 ALTER TABLE `apiflower_produces` ENABLE KEYS */;
UNLOCK TABLES;

--
-- Table structure for table `apifossil`
--

DROP TABLE IF EXISTS `apifossil`;
/*!40101 SET @saved_cs_client     = @@character_set_client */;
/*!40101 SET character_set_client = utf8 */;
CREATE TABLE `apifossil` (
                             `id` varchar(255) NOT NULL,
                             `dinosaur_name` varchar(255) DEFAULT NULL,
                             `dinosaur_part` varchar(255) DEFAULT NULL,
                             `image` varchar(255) DEFAULT NULL,
                             PRIMARY KEY (`id`)
) ENGINE=InnoDB DEFAULT CHARSET=utf8mb4;
/*!40101 SET character_set_client = @saved_cs_client */;

--
-- Dumping data for table `apifossil`
--

LOCK TABLES `apifossil` WRITE;
/*!40000 ALTER TABLE `apifossil` DISABLE KEYS */;
INSERT INTO `apifossil` VALUES ('02d0cddd-09d4-4f17-9e23-d496ec316f20','Anomalocaris',NULL,'/static/fossils/OVeOkKy8nf0kMCifGtrmIFFweBmvexPE.png'),('062f3c21-cef5-4826-a006-402cabef8f8d','Diplodocus','Cou','/static/fossils/baWBfVDsQer27laVciBtSU2u7Sjnbq2a.png'),('06a646e8-40fb-42e2-9751-2dde990493cb','Archélon','Queue','/static/fossils/9ZpWdeCjQmmNu6ZE40L2GZXbKIop9coi.png'),('0bebca05-dfc1-469d-a087-65d9b43c2f31','Tricératops','Queue','/static/fossils/ST5UfWMHlTL9LvDbNiqcfSt8I6EWw6L9.png'),('0c7c1aa2-5c6a-463a-9adc-a1f394438e95','Mégacéros','Queue','/static/fossils/G4S3qtMJthEFYI7boJr1YKsyeXql2MSh.png'),('0cfa3a68-5796-43b3-81f9-f48a8015c460','Acanthostéga',NULL,'/static/fossils/QiBIxHfZrpleif5mjX0FEAJKbXRqk857.png'),('0d052cbb-cf22-430c-b0fb-6e0c4aa7b08a','Tyrannosaure','Queue','/static/fossils/GNoU0UiV9UzLfoO4s6jxD7LzPHgkUpGZ.png'),('0de67620-8735-4469-b92d-c37e4e27a46c','Plésiosaure','Corps','/static/fossils/rJYluSz6w7Td9g0FtEYUgVyjr9wZVMpz.png'),('17fc29ad-0516-4af5-be99-71bba582a27e','Eusthénoptéron',NULL,'/static/fossils/ZrH3sySKzaE20zBlUD5U00UpkjnTrYNH.png'),('200748b9-c60d-40f9-b616-bd21f5f18c3f','Ptéranodon','Aile gauche','/static/fossils/quw5SID8AksbgbeYrPF8AsoFKmGvZDcR.png'),('218df9f9-1714-4935-ae3f-3faf5fff4890','Déinonychus','Torse','/static/fossils/xHPngNu8F9GGjBF45YVV3zcTl5DKE7P8.png'),('21d9ae40-bd2d-4c5d-a89e-f29816f08ab8','Tyrannosaure','Torse','/static/fossils/A1cfXPjedYVc0lkwvkBKcNhN09SDLpmo.png'),('2246835d-988b-4d32-b902-b5a6ebe0917b','Brachiosaure','Bassin','/static/fossils/5XlVsqMoxIxnHklq9ON7pPFNO9wyvS7V.png'),('236393bf-ba65-4c21-a718-d5cfd002f0e2','Dimétrodon','Torse','/static/fossils/8mNIH8vRpsevij1NXEVHtDJ8TtLUSFvy.png'),('25065393-58a8-45d0-ba07-ae22b36efa24','Quetzal','Torse','/static/fossils/AuQ98PbdIHVC3ypJBb61v5ze5HgGeuJd.png'),('27dd7cb2-e029-433d-8e4d-6f124ae4361e','Tricératops','Torse','/static/fossils/uTtpytZAbNhyQMVEMz7UlrwWGJRIKOES.png'),('301ce3b7-9be1-4d6e-a0ef-d96dcab057fe','Coprolithe',NULL,'/static/fossils/T0zW8cJG7pLYtPQCJRf0vEOzGTlUCkQ6.png'),('31a5ff76-329b-42dd-a0b3-f6dd74d831ad','Spinosaure','Torse','/static/fossils/bT3LeQVN5Mxf9IICrnR0lCkn3tgGxaT0.png'),('31b29779-70d8-4644-a5af-b38080441de3','Tricératops','Crâne','/static/fossils/uhjBgA24nOOgrjMUgJ6jwbDpAimIeoCH.png'),('347a6bc7-ad48-4638-9a3e-f06765051f57','Quetzal','Aile gauche','/static/fossils/v5oDIdcexBgcZ4hl4ZpCd5Z1EWjwRUGH.png'),('3800f220-8a12-47f1-924f-d31e8eca68c9','Dimétrodon','Crâne','/static/fossils/n26IKhmd87PYeasFDjvgFXdv5bKhVwOp.png'),('3acf7b49-4dea-485f-9b80-f25932bf6e2b','Ophthalmosaure','Tête','/static/fossils/J4Hoo7rc5HXf6rONhBP6Ewt3rpo6pjZK.png'),('3b2576dc-70d9-416b-ac2e-a7225c3c1081','Stégosaure','Crâne','/static/fossils/hcfsNLfFMY5b94tKAZOH0yDG8rlC8NVe.png'),('3cf26e0c-ddd7-41b2-9ea7-8478fc14929f','Mégacéros','Torse','/static/fossils/KfElfMlOiPBQGWBxMKvaQpaueFlCv30s.png'),('3f1632eb-534b-45a4-83a7-071b4513b0e2','Pachycéphalosaure','Queue','/static/fossils/sheigAeImjVHp3CnURDTFqmzZYZgBCjd.png'),('47d6fae6-39a2-4524-8768-8fb31a5f5566','Ammonite',NULL,'/static/fossils/ljXC19GDTHPEcfzOGijKyTap2mlF2NwG.png'),('4baf13d2-f39f-42e4-9c4d-ee7482ac6f0d','Iguanodon','Queue','/static/fossils/4sO2FS59bmXwcqdvDyUI2IuQSBAMLSiv.png'),('4c7d6764-f675-44d0-805d-08b8122a9d7c','Diplodocus','Queue','/static/fossils/Btr13HrVT10Zbbk32WMyRWe7QIblDifJ.png'),('552647da-b9f2-4675-96b3-09c0a97cbafb','Mammouth','Torse','/static/fossils/txuE7HwKQm25Tr5u3xpddpqLZk62fJY3.png'),('5a17cdec-f7b8-4cce-8371-fb0d4293bc25','Déinonychus','Queue','/static/fossils/8VJXEdtNbH1FxPUTIW13sBoikZKQi0Z6.png'),('5e78f2be-4113-43d4-ae61-07649ec07881','Brachiosaure','Crâne','/static/fossils/FRSi5ELIVRXNuLT2EmmAUGIoZupdCWPp.png'),('5ff1d17f-d5b3-4ad9-805b-7491ffc85b70','Ptéranodon','Corps','/static/fossils/uUJ6HvKvzwv49TvdnN5DfXE5IfDps1bw.png'),('63fca98d-8fb8-4073-928c-1dadc77a80ec','Quetzal','Aile droite','/static/fossils/bWEsazk7WNCY4ZcQcdt3a98koTEf0ivG.png'),('64728a9f-50bb-4f3a-b921-28d27ec0f55c','Parasaurolophus','Torse','/static/fossils/ZtjZj9B8726tFMN9SEDtYTAZEeRrJv8V.png'),('6491536a-c69a-4565-947b-c741e4777369','Parasaurolophus','Queue','/static/fossils/6q1Jn9XFdUZv4a9lSqgETl09QydQbg6C.png'),('69ebacf6-7ab8-4cf1-99e9-62f8735e5d01','Spinosaure','Queue','/static/fossils/fSJzhLtukTSsQwWXxyH0QlxstV8y7nRZ.png'),('6e304ad6-956f-49fc-99f2-3e6ae1986095','Smilodon','Crâne','/static/fossils/dYAO2yWxRyE1ehuFNxdch8rO36JAy3JT.png'),('6ee533c5-82eb-448f-a5c4-872eafd67fcf','Plésiosaure','Tête','/static/fossils/AkBgyZ59d0x4pCjeD4cCHEjbXB350p7t.png'),('706fea58-f00c-44e2-89c8-b5b6e0b5ed17','Archaeopteryx',NULL,'/static/fossils/AZh7ugoCa7OtYBL4vL5aV3x6dxzBtRnX.png'),('721391a3-0ecd-443d-b624-ef220d73e029','Mégalocéros','Partie droite','/static/fossils/2xnEI9rycPmLVZOq8U3ALTblCmV0jZbP.png'),('734d1a7a-afcc-4c52-a4da-8d47bbfae25c','Diplodocus','Torse','/static/fossils/Aw780iLx239C51qlaXnPdRMvVV6Nk8tt.png'),('75d2bdf3-a942-43cf-9575-7cffdb7535eb','Diplodocus','Bassin','/static/fossils/2gC6E76FpPLwLzIbd7SpiaKlpiAjrzuN.png'),('78f7cc32-a2b6-44b0-915e-691b26cb5d8b','Dunkléostéus',NULL,'/static/fossils/siwampjzaC2bzmJXAXVWOyUHAgS5ReC8.png'),('7e67d1e4-608d-4139-b7d6-d7c53f378070','Parasaurolophus','Tête','/static/fossils/xgfzWHcXoTwAAy11JorvcDu7SIaeowGg.png'),('83b33a4a-9274-464e-96b0-bda5d60e2e4a','Mégalocéros','Partie gauche','/static/fossils/A0xY7nQgLzrVO1iVNv7Zsz1fDsVlYosv.png'),('85638b39-ba4a-4393-9d45-82665ce1dc0d','Spinosaure','Crâne','/static/fossils/ZpGfIu3emZ6yeYdnsc6rDND6o8fW7blU.png'),('9022e500-0a0f-4805-907a-8451eed48037','Juramaïa',NULL,'/static/fossils/cLVXTv74GnuUX4hnQN033lPISEEAtMFH.png'),('92e6dd4f-1cee-453b-ac83-74ee8816bff6','Stégosaure','Queue','/static/fossils/26GcuXPHWvWJGv57tn18u3vhapiJ3r9q.png'),('98c7b5a8-9439-43c9-bb18-e2bd6da9f115','Plésiosaure','Queue','/static/fossils/Q1FwvEwet2L4Bd849CsJgbMPDP4K56n7.png'),('9b946842-ed1d-4680-aa28-31e94eaffab8','Ptéranodon','Aile droite','/static/fossils/dfJZvK4uYCASuQPYxqDzan4iIzhQfRMq.png'),('ad213120-c163-4341-bc13-dec9190e5459','Iguanodon','Torse','/static/fossils/lQw2nqgSwin70Xu4PVOOjVELdtqmgAcy.png'),('b1b8fb3f-1053-4f40-8d89-f854f9212472','Trilobite',NULL,'/static/fossils/fWmM7mfq5jkAZekJGMw8fsmUAQ3OZCP6.png'),('b2569fad-f431-4cc1-85f4-c8593e3f092f','Mandibule d\'hélicoprion',NULL,'/static/fossils/qXFuR7rva1d2c37HQ9RyaZTuOp3ueUGm.png'),('b38b40b5-2c46-4e8d-b222-e3fcae6d4335','Empreinte de dinosaure',NULL,'/static/fossils/ZQe1V9CtDLDlyrmFkZPpVCwf6iF2hS3S.png'),('bc23d1cf-5a75-4fa1-b4fa-dfc279de87d5','Mégacéros','Tête','/static/fossils/IQSRd8fLLmznVDVapmOdYty7TfOiNIlC.png'),('c244ef74-884b-4e0e-8dc7-4c55a11273fe','Brachiosaure','Torse','/static/fossils/hZZkzAo4vfMeaX6zb2NJCrxLuRWCX1Zf.png'),('c35e6753-4dc3-4443-b3ab-9bfeb1687e48','Tyrannosaure','Crâne','/static/fossils/GdeakHigwdChPhha1rPbfrxuNAsHJ9pg.png'),('c3bdb7a8-c147-4bd0-a010-8111c4b9ce9a','Pachycéphalosaure','Tête','/static/fossils/dGWwRJpKlpqbedOft8goNRESA5jWecXB.png'),('c41b3189-8ff4-4770-8f92-6a7982d8b39a','Stégosaure','Torse','/static/fossils/eSDgbLfAg6qn5aBwWzJfvjfIKo06Cfhm.png'),('c5a923ed-60b4-4397-a921-9dd65130e110','Ankylosaure','Torse','/static/fossils/OD3fgXFm9cB4vNHSojt3vnS4JZHH4Sy9.png'),('c640ff3c-06b6-46a0-9eed-c238995bcf68','Ankylosaure','Crâne','/static/fossils/8nwjVtJFH8nZqWU07tQH75hYL2cbUjfW.png'),('d2c84d6d-dcf6-4822-b401-e15af90fbd4e','Diplodocus','Pointe de queue','/static/fossils/JhTuVI3raBM9kxK0rd0JeCkRYf8nDImu.png'),('d705a199-2c24-4a07-8c40-a629acb1dba4','Myllokunmingia',NULL,'/static/fossils/FeCzrd2JyKOwxWK49dMouhn3Vbqnp95o.png'),('d909b4bc-3612-44f9-834b-7d59563c8830','Smilodon','Queue','/static/fossils/fXwpVDgW2JZwHSxdh2N8zQrlIg7iMGkq.png'),('e409d8dd-224f-4ce1-8ef7-6e8c9a796b52','Ophthalmosaure','Torse','/static/fossils/7an1sgyBhUNVvg7Bq0jKPa3eJCaQU0dV.png'),('ea207641-7ab5-4126-9040-945088b81ff0','Diplodocus','Crâne','/static/fossils/zdGRAODj9SlTWl0VzeonOivZsdBHYRsU.png'),('ec1ecfc3-925c-4a6b-bf15-b13e0d1f7942','Australopithèque',NULL,'/static/fossils/uMpoyBngwMWGawx33pW3n2EW9MUWO2Jg.png'),('ec61c19b-34c4-4a74-88d8-88dc4fccbbc7','Archélon','Crâne','/static/fossils/kavl4UegtIdTFFpVhUL4qWK343X5e2Xe.png'),('f08a572e-58ea-4740-8fa5-411340054ac0','Brachiosaure','Queue','/static/fossils/EWb9T71hR3oNF4LkMbycz4tysTHNJGx7.png'),('f51f60c2-f8bf-468d-8cf0-0fd1affad59f','Iguanodon','Tête','/static/fossils/St0EB16Tq4TBP2mZ7DdfZTbSHptga78R.png'),('f873aea8-e699-452b-a58e-888cd689ea78','Ambre',NULL,'/static/fossils/FdafWjeFKjAlP0AmmLCNoCjlBUaEbvUH.png'),('fd747b81-b7b1-4c53-8910-e3d70b7f77c0','Mammouth','Tête','/static/fossils/1WNpUSit6fOOaBcXUmmw4vBDZsfHgmJ0.png'),('ff9e5a9e-8ac7-4011-9fc5-ca451c30f78b','Ankylosaure','Queue','/static/fossils/d16N1wyXFcqnwugHmiIKhSvP9wzCV5ae.png');
/*!40000 ALTER TABLE `apifossil` ENABLE KEYS */;
UNLOCK TABLES;

--
-- Table structure for table `apimusic`
--

DROP TABLE IF EXISTS `apimusic`;
/*!40101 SET @saved_cs_client     = @@character_set_client */;
/*!40101 SET character_set_client = utf8 */;
CREATE TABLE `apimusic` (
  `id` varchar(255) NOT NULL,
  `image` varchar(255) DEFAULT NULL,
  `name` varchar(255) DEFAULT NULL,
  `type` int(11) NOT NULL,
  PRIMARY KEY (`id`)
) ENGINE=InnoDB DEFAULT CHARSET=utf8mb4;
/*!40101 SET character_set_client = @saved_cs_client */;

--
-- Dumping data for table `apimusic`
--

LOCK TABLES `apimusic` WRITE;
/*!40000 ALTER TABLE `apimusic` DISABLE KEYS */;
INSERT INTO `apimusic` VALUES ('00800806-05ad-4ab4-96e6-59b549954723','/static/musics/lBPhWUFptbOZgoaU1znPpra1SkAIEW6S.png','Folk Kéké',0),('01b3c31d-26ea-4804-be35-637e7c960da2','/static/musics/aKnvrLbcQFFGUjmOWlVSk5mR9YRStR8P.png','Agent kéké',0),('0437b690-690f-413f-ad70-bfd87bfda071','/static/musics/VHsaSlm9NpJFdQox9q8MHANa0ROi1emQ.png','Bubblegum Kéké',4),('044bb821-e859-48df-93ae-21e7c9dddf10','/static/musics/0pKRKv0mzc3hD1PaQAgKiDHBJiYqPyNg.png','A nous la belle ville',5),('0791ea10-76e2-4c52-b369-6d20e08ca403','/static/musics/9NfVq7p0DrG7lsVRetzmIdKNJlkKqUOC.png','Errance',2),('0b9623e5-c04c-4b1c-9d61-dc49fdffadd8','/static/musics/fZ5CGGZhl7UfrKP8VyCWoWUF82YYdN4r.png','Napolitaine',4),('0cf6a2ed-3881-4692-bc85-1e584303fb40','/static/musics/TcrzakOeAsdyvuuBYdxWjMSA1PFaw5eO.png','Kéké balalaïka',3),('0f544a65-ab31-4356-a82b-454f7904206e','/static/musics/S6NiZ440PCc6AEyy3rcMM9fAri2Jg557.png','Limite',0),('123e487f-167f-4ed9-a97d-254c6a4143bd','/static/musics/5xPdvoc84lbFmoobQH4c7uWZ1MRFoxST.png','Calypso Kéké',4),('16ce3491-5138-480c-97ed-c0f937bbae40','/static/musics/JSHvnZySy8tqTYXk51TdZQ92GYmhsIfA.png','Mambo de Kéké',4),('17e08a7e-ec26-4a24-bbaf-b66ee70611b1','/static/musics/ow5B5IuTJfpKFLXw1VWyuwJBrJ1Tc4wN.png','Slow Kéké',2),('1c3cad7c-e262-43d5-98b2-b7cf7532846b','/static/musics/36RUqi7BK8nQA1QSCoFUiGNY3ede2jmb.png','Vieux biscuits',1),('1fc6c1f8-55b5-4626-9b88-34c956a02df0','/static/musics/dzNekQsd8SfVK7UT7JyPyEEbX00rnDBJ.png','Reggae de Kéké',2),('21e66a26-3d9b-4487-b56c-71966a19eeb1','/static/musics/v6n6sxwI44avpmoXpNE6ChTSlqk1sU4Y.png','Mariachi Kéké',4),('2a3800d8-7199-43cf-bea7-81cce9e58d1b','/static/musics/bMUH9iYBTJHAwD8Azwm9BUFj8CHT1ySJ.png','M. Kéké',2),('2b6521c1-f622-40fd-891c-969633509e81','/static/musics/VqnO6100rdPLdDYkCtbaCepldKLUXRMk.png','Psykéké',0),('2e188a5a-1cee-433d-a89d-b298d797ac56','/static/musics/RMIsrlieBhC9GvoOZwALKvQeJIl4nJ0m.png','Ukulélé Kéké',2),('3126eeab-99f0-4d53-9394-ce29589a1a24','/static/musics/ibqmDkhYLWOmz9Xb4lq1C1DxjDQO7t6p.png','Chant marin',2),('36601e85-5b9a-4a0c-b378-a4f622b590f2','/static/musics/8ahuyXGoEQCvUk2a0DoDhxiYEK5KhGi6.png','Bouge avec kéké',3),('38c64c86-87e8-464f-a64f-c5a26f545e5c','/static/musics/c4BD5ZZqTeWAysso8D8enag06WjY0mAz.png','Chant montagnard',4),('39d6cc32-849b-4fd6-b5b4-3eafea233040','/static/musics/RwrDW277edQ771yHJPF4PWatnEtDmyhj.png','Drum & Bass Kéké',0),('3a4c2035-14d3-4bad-be63-f67e5b7db2f9','/static/musics/MX0r6spuksrY5iefMNnCLYsnT1XNhvN1.png','Kéké King',1),('3b4f2f13-4f3a-4044-ba47-2ac5db4d6379','/static/musics/w7uL0nmeS5RuzxSnzHmgeQJM4TT7UWpP.png','Floraison',4),('476dc832-c94b-42c5-99f9-ee02fa0ef803','/static/musics/TbFVpsOc8gDS6jLeD2tsNV8ASwNmDJg5.png','Technopop Kéké',0),('4918e070-21bb-4c5f-98ce-8bdb1341e624','/static/musics/9GtVMzmx7EeQFqFbmnfsFGWAxfvnW9K0.png','Rengaine de Kéké',0),('4a3dea0d-fa45-49a6-8cb1-4d85ae5b29f0','/static/musics/Kg08gF9yulGOM8CnFG3DNoYHbkl1yZp8.png','Parade Kéké',0),('4c0119f0-2aa0-4a06-9901-bcc665bbdd9e','/static/musics/mZvVUxhj3Bj0TJgwFGiSMI4LnCVqMdL8.png','Moi et juste Moi',1),('50d59021-c7e8-419f-9560-66c3e1e8e552','/static/musics/TKgn7ZTtYN1tTPzm5Kxfy2RrUkLd1qKJ.png','DJ Kéké',3),('5296e47f-a6de-4bf7-8c27-00cc31d25703','/static/musics/JF7WLuxgjRJ9AyLeIwRBjyoGs7U7OPa0.png','Horizons Nouveaux',6),('55c45df4-fec1-4b8b-b03c-587dba0583c8','/static/musics/ywx5MDHpM6LyK5eC5aKesA9nmkSFYIvn.png','Kéké des îles',2),('56083c2b-4243-42d4-9e96-92c8811555fb','/static/musics/zDg4VuFCMrAWc7TmNuSj651I9cQpoKsE.png','Kéké Marathon',0),('561a73da-472c-4b00-9b1e-889f0a20cd47','/static/musics/isPSYvZawLkbMWAdLjZK3S4bQiZLJdFR.png','Etude de Kéké',1),('57bfba96-cfd8-4540-9d15-89c0741665c9','/static/musics/49gmZVYHYy2yRD97ewGwhooGjTIG2Sqm.png','Requiem de Kéké',1),('5985245b-a1a1-4e54-ac5e-17072fddbd22','/static/musics/Rnu5w6OfUcxb2RDaiGjvfYBN2USiWtBb.png','Synthé Kéké',2),('5bee5ce9-6b3a-4e00-bb51-dc2e346d17f7','/static/musics/3FeXkCkbacmkRSjls1GbddvUmDZehzLY.png','Disco Kéké',4),('5c3c93c7-aac8-444b-953d-67b340bc5ec8','/static/musics/7YSIC0YHLMx6hoXw1WaoA2y583VyFPpO.png','Kéké Blues',0),('5cf108a6-43c2-4ae3-9fd5-3bde6609c2ee','/static/musics/flA1S40yi7eQErgdcKGLHstIG3MwQ6Y4.png','Cheb Kéké',3),('5dbe565a-07e5-45d3-b0b5-4ef6c18ca0b8','/static/musics/z7Q9DfPwHRK46eHDmxcbSjULUvvTAF4K.png','Flânerie Kéké',2),('60d513c9-916d-43ab-b77d-9bb6af19b811','/static/musics/nAeDw8WbrGTyfJbAVaOrqhXUXRgWraJJ.png','Kéké Star',3),('62b11c05-757b-4f2a-8d9c-1129ea8fba2e','/static/musics/XZgPUQzFLA64pzAxfYuXHbgMWO4xbvcr.png','Jazz de Kéké',2),('645739c3-38f9-4c66-8250-3496033a1b90','/static/musics/1OeePrtQaHRht7lQDQGweLxGJjttP8wV.png','Vie de fôret',2),('6556a6ef-178d-4936-b119-80af9d0986a5','/static/musics/wBim21DYLGjEziRxsLK0sh42XVwPZ6og.png','Virelai Kéké',2),('676ef0c3-ca57-4aa5-bfda-22be2b488627','/static/musics/AIjRSGJN9WxeddrJxiTeTvOwmSBdQRmR.png','Rock Kéké',3),('68ed3cab-899d-4dfb-a937-8cacc0ebea67','/static/musics/umukRS7YAZZKhwc0gi20LLKOwa5QP98S.png','Kéké Académie',4),('69066061-f711-4369-bced-a34fab5c5628','/static/musics/qw4FuUhoDjlfuN7BkVRFf1N3R3XVvHuP.png','Réfléchir',2),('6b363b91-dc51-401d-b770-6002776bffa2','/static/musics/V5efPNNdel2qj2ZjNqw4DBTKBwdyDIjS.png','Milonga Kéké',1),('6e276ac8-23c7-4fe7-8594-4bb773d0a8f8','/static/musics/Ejlzvc7mTQSg0HM7WDUdmiqERKzgkawv.png','Adieux',5),('72d7cfb7-f56b-4cda-b64e-af039e8fedc6','/static/musics/yEh4wjj6OiwR21dKTFgRglVTxU7q81LN.png','Kéké à la plage',3),('72e2bf75-35a0-4162-ace7-3d9e76bcb62e','/static/musics/yPIAgeAybOV0hhAJ3GZWfIFYq7Q2Up0a.png','Chorale de Kéké',1),('776ab3e4-2640-4304-9abf-3a77cf982c00','/static/musics/63B6bTdSZw6CXEbBjgghX7eN72aS5T5p.png','Marche de Kéké',4),('782ba709-a320-40ce-b6eb-3149d87b1fe2','/static/musics/Wru815SoxnnabK50UGlDIiejl6R168FY.png','Space Kéké',0),('78ee5992-0be4-4536-a60e-d3b90d33515c','/static/musics/dw1XA40VlPmjD6gnUUDTRaN1yBBTjF9I.png','Kéké l\'empereur',3),('87df658f-0f2a-4ecc-adba-c549ec4154ba','/static/musics/Dh49x7lfX5dzZY0K46YWHfwTGnxapmE3.png','Country Kéké',4),('8a155929-9358-4a14-80bf-b1f8c7e1acae','/static/musics/4rnB0W0iCoksn92HCBy3ht6VRGo3O8mm.png','Anniversaire Kéké',6),('91608183-9481-43fc-ba4b-ab0cd45b6bdb','/static/musics/oZ7RKmNshUkVZflAgeag7HzFezxAurt1.png','Ska Kéké',4),('918a44bd-13a6-48a6-8854-2ec48529e5a9','/static/musics/q58UZCwapOICTVhvyKMedkrk45feyIz8.png','Romance Kéké',2),('921ee765-dd06-44fa-a9db-230dc4e7c733','/static/musics/yNKWm3UmJNSwPtcqx9gpdTDbL5ii9k1A.png','Far-West Kéké',1),('9276f8ab-40ca-474f-9ef2-51e0c8cb453c','/static/musics/e6mjph1AkbJOHxnc4v6Z9uPwr2aLfBre.png','Complainte Kéké',1),('9b6b77e1-a4e7-4b00-8f2a-c2fe4f6dbd43','/static/musics/IqDlnmrQrKlz26okQKePv1wnIMGmsKZt.png','2 jours plus tôt',1),('9c939c05-cebc-476e-b0b1-94e16c53c76a','/static/musics/xUsxf4IVFB947CfFLO6xEb0wkopAcPxi.png','Ali Farka Kéké',3),('a5813128-70c0-4321-b9a1-023417c6dbee','/static/musics/jaEcwxk8CdsHDUcTFb8m4EUvIDhEfBvz.png','Chez moi',2),('ae08a6d2-385a-42f3-8c99-5d54223305d7','/static/musics/1EP9I8XsgWZFGt1e6ucdK0lknrc2eo8z.png','Samba de Kéké',4),('afa14ede-ad8a-4def-b1bf-9f959eea3d5e','/static/musics/YHHQHIJ8umwNzOQYA8v5eGLBKgp5B7tu.png','Fusion Kéké',2),('b06d8903-7b64-48bf-8591-4d6c92a07c5e','/static/musics/IEgRsuFQD941iS9pJfA71y6GMlhX8kH8.png','kéké le verni',3),('b2109eed-5622-4ceb-a37a-b1dcf2278d0a','/static/musics/5BQ57BGO34LgeueOHRc0h2xuBBauWQUq.png','Sur la route',5),('b473ecbb-07b2-4be7-846c-d6c17d1b0946','/static/musics/r52QXS2auMYqt4StcprzDn27AFJOADQ9.png','Valse de Kéké',1),('b66a7cc6-c8e2-4bf8-83fa-ce9ad10d863a','/static/musics/S3aLLAlnvedoMvOXWiOuO2muPwxlyIld.png','Gumbo Kéké',0),('b8c2d23b-8132-4852-85ad-b8ccc6cb63ac','/static/musics/cY5ei9JVEre4m683UETh2cneCBzfs6Kq.png','Kéké house',3),('b9a14bc4-94da-4880-bb74-100ac947923b','/static/musics/SrblZhd0grOHjHGWHwnMdoUEkiOwA6Uw.png','Groove Kéké',4),('ba21d06d-040a-4e0a-b97d-f6a343108465','/static/musics/Txjb0iv9XOYsRUbKopoF9ZDceq5KYIeY.png','Sonate Kéké',1),('bb56adc6-0021-462d-9fd9-23d1aadcb8c1','/static/musics/k6beAwtzt3Rt5JTJi9imJQu7jbt61hpH.png','Tovarich Kéké',1),('bf0142de-18f0-40bb-82a5-455ce9ad0a0d','/static/musics/zkBg6tT2YPjkAyN7WnqYNWAZp2Y1HcBL.png','Soul de Kéké',0),('c10326b0-e834-42d7-a3a5-77f3eb5c83ee','/static/musics/Gbcrn15yidYX0hXkNaVqvsrqrqtiYivQ.png','Mahradjah Kéké',0),('c1dd529e-3b06-4066-bc64-ae503b1f1c10','/static/musics/7RvTZCrduzNI4ELXi1lHeOS9WH8IeH1e.png','Shamisen Kéké',3),('c50a1dac-2f43-41af-8dd8-67dc76533cc0','/static/musics/Jq7j2we2wEYWBgw2kNIKc09IpEGflmoM.png','Kéké métal',3),('c53cffd4-b61f-486f-8931-06e80dfa4f9a','/static/musics/LvIVcv3E98uSpJ064YRTCzfDzeHljRnb.png','Kéké Café',4),('c553b3ed-799e-4647-b73d-8a09e7cd78be','/static/musics/kBj70LD3jgVY5d7gllN09msZTYZu2eKn.png','El Condor Kéké',1),('d1f48b4d-aa84-4a8a-bd15-29b53eb6cf08','/static/musics/mO4ne6DPIS5X2cWLOmC1C5ZfO3fXRjqs.png','Bossa de Kéké',2),('d57d9dcb-fd57-4974-9567-4bcb46b1afca','/static/musics/PiXgKQOniiZtqLkWfqpQQuqun24hxRVJ.png','Kéké R&B',3),('dc648f79-2c77-476c-a1fe-5a0070afcc6b','/static/musics/mHudKLliDUoeiLw4Jlu8i2aaCNsR2fqN.png','Swing de Kéké',2),('dcb87f46-a7e6-46d3-80ae-825fbdbd24d7','/static/musics/GeBwbeC0ryOhnHjjra2G8DOW8yuZhx1x.png','Tango de Kéké',3),('e05d3229-d898-4e20-aa1c-21c4e04864c1','/static/musics/9kPBZ1SBXTOQv5PjYEPurZTZpvZgB1T1.png','La pente',1),('e12cd140-5588-493d-9763-ff26c8f02bdf','/static/musics/uPf6zE8m3puzI767gPhLeE5JthrDE1Kc.png','Rockabilly Kéké',4),('e784fc63-0d16-41a7-a8a4-a426a5dffbae','/static/musics/GPRaCyE19TTbMD41rGmkr7U0JVB5SITC.png','Ragtime Kéké',4),('e866f3cc-8bba-446d-9256-60262e46d2be','/static/musics/IZkpbtJtvekAadzxn9POkV4NtMyog4jx.png','kéké bohème',3),('ea9aa735-c4a9-428b-be12-852a72658ef5','/static/musics/L5MEnrogtu6qLjAsiy3c1rp19tNpceoh.png','Kéké soul',2),('ebe5b344-003c-472c-8cae-0d43232150ad','/static/musics/HgIxGviYVTIBRL7rlNdNwbsAqLxWw0UI.png','Le Kéké Funk',0),('f470c0fa-8e69-4254-9f04-668ab260480c','/static/musics/vJpABSasvJ2wRIfHIPVMxOn9Oh0ea4PT.png','Berceuse de Kéké',1),('f48c4c8d-7c96-4221-aa03-1b611ec267c0','/static/musics/2IGoYueuTo6tMFqYApKkUNlFINMhwbRe.png','Aria de Kéké',2),('f5e1fe81-6e02-4be0-a492-e5c07fdecb85','/static/musics/XwGoiHId6pqooOjcYI7lhK2Lvyw3JN2R.png','Flamenco Kéké',3),('f83cb15d-fd52-4051-8bb3-c8f143414d50','/static/musics/FrciuY6ZG8TRD0D3l8AjEQr1lDAjiooj.png','Kéké Dixie',4),('f8867cbd-b5c8-456e-b7eb-3ba5d82fd325','/static/musics/Gz0yWBiLVxSUNYV6Ywr1oCHYj8Wpr7ir.png','Salsa de Kéké',4),('fa55938c-0578-4b38-85ca-155c0c2458fe','/static/musics/yGjc4lTHdtOsDp1Y4OcxEaACpknPRPcf.png','Kéké Route 66',3),('fdbb33e9-7c54-4480-9a13-c2a0f7181e11','/static/musics/JYplQuaVcMWZlYnYUaMftn6SBYnVu35v.png','Je vous aime',2),('ff31fcc4-8a72-4f92-9700-e02d5c37b195','/static/musics/u0qygc9plnVcckUXLEWktLuwCohlbVNo.png','Ballade de Kéké',1);
/*!40000 ALTER TABLE `apimusic` ENABLE KEYS */;
UNLOCK TABLES;

--
-- Table structure for table `apiuser`
--

DROP TABLE IF EXISTS `apiuser`;
/*!40101 SET @saved_cs_client     = @@character_set_client */;
/*!40101 SET character_set_client = utf8 */;
CREATE TABLE `apiuser` (
                           `id` varchar(255) NOT NULL,
                           `email` varchar(255) DEFAULT NULL,
                           `is_admin` bit(1) NOT NULL,
                           `password` varchar(255) DEFAULT NULL,
                           `switch_code` varchar(255) DEFAULT NULL,
                           `username` varchar(255) DEFAULT NULL,
                           PRIMARY KEY (`id`)
) ENGINE=InnoDB DEFAULT CHARSET=utf8mb4;
/*!40101 SET character_set_client = @saved_cs_client */;

--
-- Table structure for table `apiuser_art_collection`
--

DROP TABLE IF EXISTS `apiuser_art_collection`;
/*!40101 SET @saved_cs_client     = @@character_set_client */;
/*!40101 SET character_set_client = utf8 */;
CREATE TABLE `apiuser_art_collection` (
                                          `apiuser_id` varchar(255) NOT NULL,
                                          `art_collection_id` varchar(255) NOT NULL
) ENGINE=InnoDB DEFAULT CHARSET=latin1;
/*!40101 SET character_set_client = @saved_cs_client */;

--
-- Table structure for table `apiuser_flower_collection`
--

DROP TABLE IF EXISTS `apiuser_flower_collection`;
/*!40101 SET @saved_cs_client     = @@character_set_client */;
/*!40101 SET character_set_client = utf8 */;
CREATE TABLE `apiuser_flower_collection` (
                                             `apiuser_id` varchar(255) NOT NULL,
                                             `flower_collection_id` varchar(255) NOT NULL
) ENGINE=InnoDB DEFAULT CHARSET=latin1;
/*!40101 SET character_set_client = @saved_cs_client */;

--
-- Table structure for table `apiuser_fossil_collection`
--

DROP TABLE IF EXISTS `apiuser_fossil_collection`;
/*!40101 SET @saved_cs_client     = @@character_set_client */;
/*!40101 SET character_set_client = utf8 */;
CREATE TABLE `apiuser_fossil_collection` (
                                             `apiuser_id` varchar(255) NOT NULL,
                                             `fossil_collection_id` varchar(255) NOT NULL
) ENGINE=InnoDB DEFAULT CHARSET=latin1;
/*!40101 SET character_set_client = @saved_cs_client */;


--
-- Table structure for table `apiuser_music_collection`
--

DROP TABLE IF EXISTS `apiuser_music_collection`;
/*!40101 SET @saved_cs_client     = @@character_set_client */;
/*!40101 SET character_set_client = utf8 */;
CREATE TABLE `apiuser_music_collection` (
                                            `apiuser_id` varchar(255) NOT NULL,
                                            `music_collection_id` varchar(255) NOT NULL
) ENGINE=InnoDB DEFAULT CHARSET=latin1;
/*!40101 SET character_set_client = @saved_cs_client */;

